{
    "rules": {
        "class-name": true,
        "curly": [
            true,
            "as-needed"
        ],
        "eofline": true,
        "forin": false,
        "indent": [
            true,
            "spaces"
        ],
        "label-position": true,
        "max-line-length": [
            false,
            200
        ],
        "no-arg": true,
        "no-bitwise": true,
        "no-console": false,
        "no-construct": true,
        "no-constructor-vars": false,
        "no-debugger": true,
        "no-duplicate-variable": true,
        "no-empty": false,
        "no-eval": true,
        "no-string-literal": false,
        "no-switch-case-fall-through": true,
        "no-trailing-whitespace": true,
        "no-unused-expression": true,
        "no-unused-variable": false,
        "no-var-requires": false,
        "one-line": [
            true,
            "check-open-brace",
            "check-catch",
            "check-whitespace"
        ],
        "quotemark": [
            true,
            "single"
        ],
        "semicolon": [
            true,
            "always"
        ],
        "triple-equals": [
            true,
            "allow-null-check"
        ],
        "typedef": [
            true,
            "callSignature",
            "indexSignature",
            "parameter",
            "propertySignature",
            "variableDeclarator",
            "memberVariableDeclarator"
        ],
        "use-strict": false,
        "variable-name": [
            true,
            "allow-leading-underscore",
            "allow-snake-case"
        ],
        "whitespace": [
            true,
            "check-branch",
            "check-decl",
            "check-operator",
            "check-separator",
            "check-type"
        ],
        "arrow-return-shorthand": true,
        "callable-types": true,
        "comment-format": [
            true,
            "check-space"
        ],
        "import-spacing": true,
        "interface-over-type-literal": true,
        "member-access": false,
        "member-ordering": [
            true,
            {
                "order": [
                    "static-field",
                    "instance-field",
                    "static-method",
                    "instance-method"
                ]
            }
        ],
        "no-duplicate-super": true,
        "no-empty-interface": true,
        "no-inferrable-types": [
            true,
            "ignore-params"
        ],
        "no-misused-new": true,
        "no-non-null-assertion": true,
        "no-redundant-jsdoc": false,
        "no-shadowed-variable": true,
        "no-string-throw": true,
        "no-unnecessary-initializer": true,
        "no-var-keyword": true,
        "object-literal-sort-keys": false,
        "prefer-const": true,
        "radix": false,
        "typedef-whitespace": [
            true,
            {
                "call-signature": "nospace",
                "index-signature": "nospace",
                "parameter": "nospace",
                "property-declaration": "nospace",
                "variable-declaration": "nospace"
            }
        ]
    }
}